From;To;Type;Through;-1;-1;-1;-1;Comment
5;45;sea;1019;-1;-1;-1;-1;Ulaid-Argyll			###SEA
5;50;sea;1019;-1;-1;-1;-1;Ulaid-Galloway
35;40;sea;992;-1;-1;-1;-1;Western Isles-Moray
35;39;sea;992;-1;-1;-1;-1;Western Isles-Ross
36;37;sea;993;-1;-1;-1;-1;Orkney-Caithness
50;54;sea;1019;-1;-1;-1;-1;Galloway-Isle of Man
72;73;sea;965;-1;-1;-1;-1;Essex-Kent
78;79;sea;973;-1;-1;-1;-1;Brugge-Zeeland
79;80;sea;973;-1;-1;-1;-1;Zeeland-Holland
79;92;sea;973;-1;-1;-1;-1;Zeeland-Breda
79;93;sea;973;-1;-1;-1;-1;Zeeland-Gent
81;84;sea;973;-1;-1;-1;-1;Westfriesland-Frisia
166;839;sea;954;-1;-1;-1;-1;Algeciras-Ceuta
166;841;sea;954;-1;-1;-1;-1;Algeciras-Tangiers
1688;848;sea;1000;-1;-1;-1;-1;Dithmarschen-Bremen
1688;259;sea;1000;-1;-1;-1;-1;Dithmarschen-Celle
264;265;sea;999;-1;-1;-1;-1;Slesvig-Fyn
1684;265;sea;999;-1;-1;-1;-1;Åbosyssel-Fyn
265;266;sea;999;-1;-1;-1;-1;Fyn-Sjaelland
266;303;sea;999;-1;-1;-1;-1;Sjaelland-Skåne
265;1687;sea;999;-1;-1;-1;-1;Fyn-Lolland
266;1687;sea;999;-1;-1;-1;-1;Sjaelland-Lolland
263;1687;sea;999;-1;-1;-1;-1;Holstein-Lolland
290;291;sea;1005;-1;-1;-1;-1;Uppland-Åland
290;292;sea;959;-1;-1;-1;-1;Uppland-Södermanland
291;382;sea;1005;-1;-1;-1;-1;Åland-Suomi
931;300;sea;1003;-1;-1;-1;-1;Möre-Öland
303;305;sea;999;-1;-1;-1;-1;Skåne-Bornholm
304;308;sea;999;-1;-1;-1;-1;Rügen-Wolgast
304;306;sea;999;-1;-1;-1;-1;Rügen-Rostock
304;307;sea;999;-1;-1;-1;-1;Rügen-Werle
1577;1574;sea;1027;-1;-1;-1;-1;Cinarca-Gallura
338;339;sea;1036;-1;-1;-1;-1;Reggio-Messina
1592;376;sea;1004;-1;-1;-1;-1;Tukums-Saaremaa
376;377;sea;1004;-1;-1;-1;-1;Saaremaa-Liivimaa
473;474;sea;1037;-1;-1;-1;-1;Arta-Cephalonia
1889;474;sea;1037;-1;-1;-1;-1;Zakynthos-Cephalonia
1889;476;sea;1037;-1;-1;-1;-1;Zakynthos-Achaia
1881;476;sea;1037;-1;-1;-1;-1;Naupaktos-Achaia
1890;472;sea;1038;-1;-1;-1;-1;Corfu-Epieros
483;747;sea;936;-1;-1;-1;-1;Rhodos-Lykia
484;485;sea;1017;-1;-1;-1;-1;Naxos-Euboia
486;746;sea;1111;-1;-1;-1;-1;Samos-Ephesos
487;744;sea;1111;-1;-1;-1;-1;Lesbos-Abydos
495;744;sea;947;-1;-1;-1;-1;Kaliopolis-Abydos
562;598;sea;969;-1;-1;-1;-1;Korchev-Tmutarakan
826;827;sea;1022;-1;-1;-1;-1;Menorca-Mallorca
858;874;sea;1386;-1;-1;-1;-1;Aden-Tadjoura
1532;874;sea;1386;-1;-1;-1;-1;Zabid-Tadjoura
653;1531;sea;1391;-1;-1;-1;-1;Bahrein-Uwal
651;1531;sea;1391;-1;-1;-1;-1;Damman-Uwal
1295;1331;sea;1293;-1;-1;-1;-1;Kutch-Sonda
301;932;sea;1003;-1;-1;-1;-1;Gotland-Tjust
16;18;sea;968;-1;-1;-1;-1;Laigin-Dyfed
345;1886;sea;1038;-1;-1;-1;-1;Lecce-Avlonas
641;870;sea;1393;-1;-1;-1;-1;Hormuz-Dhu Zabi
496;741;sea;947;-1;-1;-1;-1;Constantinople-Nikomedia
259;261;major_river;1046;-1;-1;-1;-1;Celle-Hamburg			#ELBE
258;261;major_river;1046;-1;-1;-1;-1;Lüneburg-Hamburg
309;261;major_river;1046;-1;-1;-1;-1;Altmark-Hamburg
309;262;major_river;1046;-1;-1;-1;-1;Altmark-Lübeck
309;260;major_river;1047;-1;-1;-1;-1;Altmark-Mecklenburg
309;1988;major_river;1047;-1;-1;-1;-1;Werben-Havelberg
1982;1988;major_river;1048;-1;-1;-1;-1;Magdeburg-Havelberg
1982;310;major_river;1048;-1;-1;-1;-1;Magdeburg-Zerbst
311;364;major_river;1048;-1;-1;-1;-1;Merseburg-Lausitz
311;310;major_river;1048;-1;-1;-1;-1;Merseburg-Zerbst
312;364;major_river;1049;-1;-1;-1;-1;Meissen-Lausitz
312;1589;major_river;1049;-1;-1;-1;-1;Meissen-Gorlitz
1589;1926;major_river;1049;-1;-1;-1;-1;Gorlitz-Zatec
363;1926;major_river;1049;-1;-1;-1;-1;Litomerice-Zatec
80;92;major_river;1043;-1;-1;-1;-1;Holland-Breda		#RHINE
82;92;major_river;1043;-1;-1;-1;-1;Sticht-Breda
89;91;major_river;1043;-1;-1;-1;-1;Kleve-Loon
119;89;major_river;1044;-1;-1;-1;-1;Köln-Kleve
119;1983;major_river;1044;-1;-1;-1;-1;Köln-Berg
118;1983;major_river;1045;-1;-1;-1;-1;Trier-Berg
1981;118;major_river;1045;-1;-1;-1;-1;Frankfurt-Trier
97;99;major_river;1041;-1;-1;-1;-1;Rouen-Evreux		#SEINE
98;99;major_river;1041;-1;-1;-1;-1;Vexin-Evreux
1961;99;major_river;1041;-1;-1;-1;-1;Clermont-Evreux
1961;112;major_river;1042;-1;-1;-1;-1;Clermont-Paris	
106;1957;major_river;1039;-1;-1;-1;-1;Nantes-Retz		
107;1959;major_river;1039;-1;-1;-1;-1;Anjou-Saumur		
107;140;major_river;1040;-1;-1;-1;-1;Anjou-Tours
109;140;major_river;1040;-1;-1;-1;-1;Vendome-Tours
143;149;major_river;1107;-1;-1;-1;-1;Saintonge-Bordeaux		#GARONNE
216;149;major_river;1107;-1;-1;-1;-1;Perigord-Bordeaux
216;215;major_river;1108;-1;-1;-1;-1;Perigord-Agen
214;215;major_river;1108;-1;-1;-1;-1;Toulouse-Agen
368;370;major_river;1051;-1;-1;-1;-1;Gdansk-Marienburg		#VISTULA
368;369;major_river;1051;-1;-1;-1;-1;Gdansk-Chelmno
368;1581;major_river;1052;-1;-1;-1;-1;Gdansk-Dobrzyn
1581;429;major_river;1052;-1;-1;-1;-1;Dobrzyn-Naklo
1581;428;major_river;1052;-1;-1;-1;-1;Dobrzyn-Kujawy
528;529;major_river;1053;-1;-1;-1;-1;Czersk-Plock
528;530;major_river;1054;-1;-1;-1;-1;Czersk-Liw
531;530;major_river;1054;-1;-1;-1;-1;Sandomierz-Liw
531;1584;major_river;1054;-1;-1;-1;-1;Sandomierz-Stezyca
531;1585;major_river;1054;-1;-1;-1;-1;Sandomierz-Lublin
531;532;major_river;1055;-1;-1;-1;-1;Sandomierz-Sacz
1596;1592;major_river;1080;-1;-1;-1;-1;Riga-Tukums		#DAUGAVA
1596;374;major_river;1080;-1;-1;-1;-1;Riga-Zemigaliens
1594;374;major_river;1080;-1;-1;-1;-1;Jersika-Zemigaliens
1594;1591;major_river;1080;-1;-1;-1;-1;Jersika-Selija
416;1591;major_river;1081;-1;-1;-1;-1;WestDvina-Selija
416;934;major_river;1081;-1;-1;-1;-1;WestDvina-Lepiel
419;934;major_river;1081;-1;-1;-1;-1;Polotsk-Lepiel
419;417;major_river;1082;-1;-1;-1;-1;Polotsk-Vitebsk
419;568;major_river;1082;-1;-1;-1;-1;Polotsk-Smolensk
410;568;major_river;1082;-1;-1;-1;-1;Toropets-Smolensk
392;411;major_river;1083;-1;-1;-1;-1;Kexholm-Ingriya		#NEVA & SVIR
392;409;major_river;1083;-1;-1;-1;-1;Kexholm-Ladoga
393;1660;major_river;1084;-1;-1;-1;-1;Olonets-Chlisselbourg
393;404;major_river;1084;-1;-1;-1;-1;Olonets-Zaozerye
1660;409;major_river;1085;-1;-1;-1;-1;Chlisselbourg-Ladoga	#VOLKHOV & LOVAT
1652;409;major_river;1085;-1;-1;-1;-1;Borovichi-Ladoga
1652;414;major_river;1085;-1;-1;-1;-1;Borovichi-Novgorod
1667;1662;major_river;1087;-1;-1;-1;-1;Kholm-Rusa
410;1662;major_river;1087;-1;-1;-1;-1;Toropets-Rusa
410;415;major_river;1087;-1;-1;-1;-1;Toropets-Luki
543;558;major_river;1070;-1;-1;-1;-1;Lower Dnieper-Oleshye	#DNIEPER
543;557;major_river;1070;-1;-1;-1;-1;Lower Dnieper-Lukomorie
543;557;major_river;1071;-1;-1;-1;-1;Lower Dnieper-Chortitza
543;1658;major_river;1071;-1;-1;-1;-1;Lower Dnieper-Hradyzk
544;1658;major_river;1071;-1;-1;-1;-1;Korsun-Hradyzk
544;1657;major_river;1072;-1;-1;-1;-1;Korsun-Voin
547;1657;major_river;1072;-1;-1;-1;-1;Kiev-Voin
547;555;major_river;1072;-1;-1;-1;-1;Kiev-Pereyaslavl
547;554;major_river;1072;-1;-1;-1;-1;Kiev-Chernigov
1653;554;major_river;1076;-1;-1;-1;-1;Slutsk-Chernigov
1659;553;major_river;1076;-1;-1;-1;-1;Drutsk-Lyubech
1659;551;major_river;1077;-1;-1;-1;-1;Drutsk-Mstislavl
418;551;major_river;1077;-1;-1;-1;-1;Orsha-Mstislavl
417;551;major_river;1078;-1;-1;-1;-1;Vitebsk-Mstislavl
568;551;major_river;1078;-1;-1;-1;-1;Smolensk-Mstislavl
568;569;major_river;1078;-1;-1;-1;-1;Smolensk-Vyazma
1653;1649;major_river;1626;-1;-1;-1;-1;Slutsk-Korosten		#PRIPYAT
1653;552;major_river;1079;-1;-1;-1;-1;Slutsk-Turov
548;552;major_river;1079;-1;-1;-1;-1;Pinsk-Turov
548;535;major_river;1079;-1;-1;-1;-1;Pinsk-Volodymyr
554;555;major_river;1073;-1;-1;-1;-1;Chernigov-Pereyaslavl	#DESNA
554;1675;major_river;1073;-1;-1;-1;-1;Chernigov-Priluk
1656;567;major_river;1074;-1;-1;-1;-1;Starodub-Novgorod Seversky
576;1676;major_river;1074;-1;-1;-1;-1;Bryansk-Kromy
576;1666;major_river;1074;-1;-1;-1;-1;Bryansk-Karachev
933;1666;major_river;1074;-1;-1;-1;-1;Roslavl-Karachev
596;597;major_river;1088;-1;-1;-1;-1;Tana-Azov		#DON
596;599;major_river;1088;-1;-1;-1;-1;Tana-Kuban
596;607;major_river;1088;-1;-1;-1;-1;Tana-Sarpa
594;607;major_river;1088;-1;-1;-1;-1;Sarkel-Sarpa
594;605;major_river;1089;-1;-1;-1;-1;Sarkel-Manych
594;595;major_river;1090;-1;-1;-1;-1;Sarkel-DonPortage
594;593;major_river;1090;-1;-1;-1;-1;Sarkel-Khopyor
566;593;major_river;1091;-1;-1;-1;-1;Sugrov-Khopyor
566;579;major_river;1091;-1;-1;-1;-1;Sugrov-Mordva
1665;579;major_river;1091;-1;-1;-1;-1;Yelets-Mordva
1665;577;major_river;1091;-1;-1;-1;-1;Yelets-Pronsk
620;604;major_river;1092;-1;-1;-1;-1;Itil-Kuma		#VOLGA
619;604;major_river;1092;-1;-1;-1;-1;Saray-Kuma
619;605;major_river;1093;-1;-1;-1;-1;Saray-Manych
1812;595;major_river;1094;-1;-1;-1;-1;Saqsin-DonPortage
1812;605;major_river;1094;-1;-1;-1;-1;Saqsin-Manych
1814;595;major_river;1094;-1;-1;-1;-1;Uvek-DonPortage
1814;592;major_river;1094;-1;-1;-1;-1;Uvek-Burtasy
1814;609;major_river;1103;-1;-1;-1;-1;Uvek-Syrt
608;609;major_river;1103;-1;-1;-1;-1;LowerVolga-Syrt
616;609;major_river;1095;-1;-1;-1;-1;Pecheneg-Syrt
610;609;major_river;1096;-1;-1;-1;-1;Bolghar-Syrt
610;614;major_river;1096;-1;-1;-1;-1;Bolghar-Ashli
611;614;major_river;1096;-1;-1;-1;-1;Qazan-Ashli
611;589;major_river;1096;-1;-1;-1;-1;Qazan-Kerzhenets
589;590;major_river;1097;-1;-1;-1;-1;Kerzhenets-Chuvash
585;584;major_river;1098;-1;-1;-1;-1;Gorodets-NizhnyNovgorod
585;582;major_river;1098;-1;-1;-1;-1;Gorodets-Vladimir
407;582;major_river;1099;-1;-1;-1;-1;Kostroma-Vladimir
407;583;major_river;1099;-1;-1;-1;-1;Kostroma-Suzdal
407;572;major_river;1099;-1;-1;-1;-1;Kostroma-Yaroslavl
407;571;major_river;1100;-1;-1;-1;-1;Kostroma-Uglich
407;408;major_river;1100;-1;-1;-1;-1;Kostroma-Belozero
406;408;major_river;1101;-1;-1;-1;-1;Vologda-Belozero
405;408;major_river;1101;-1;-1;-1;-1;Chud-Belozero
403;408;major_river;1101;-1;-1;-1;-1;Romny-Belozero
403;404;major_river;1101;-1;-1;-1;-1;Romny-Zaozerye
584;582;major_river;1102;-1;-1;-1;-1;NizhnyNovgorod-Vladimir		#OKA
591;581;major_river;1102;-1;-1;-1;-1;Cheremisa-Murom
580;581;major_river;1104;-1;-1;-1;-1;Ryazan-Murom
580;1678;major_river;1104;-1;-1;-1;-1;Ryazan-OrekhovoOulevo
578;1678;major_river;1104;-1;-1;-1;-1;Tula-OrekhovoOulevo
1679;1677;major_river;1673;-1;-1;-1;-1;Serpukhov-NaroFominsk
1679;587;major_river;1673;-1;-1;-1;-1;Serpukhov-Mozhaysk
1650;587;major_river;1673;-1;-1;-1;-1;Vorotynsk-Mozhaysk
1650;1682;major_river;1674;-1;-1;-1;-1;Vorotynsk-Kozelsk
1650;1666;major_river;1674;-1;-1;-1;-1;Vorotynsk-Karachev
1677;1678;major_river;1105;-1;-1;-1;-1;NaroFominsk-OrekhovoOulevo
1677;575;major_river;1105;-1;-1;-1;-1;NaroFominsk-Moskva
1677;1669;major_river;1105;-1;-1;-1;-1;NaroFominsk-Kashin
570;1669;major_river;1106;-1;-1;-1;-1;Tver-Kashin
570;1668;major_river;1106;-1;-1;-1;-1;Tver-Rzheva
1672;1668;major_river;1106;-1;-1;-1;-1;Zoubtsov-Rzheva
410;1668;major_river;1106;-1;-1;-1;-1;Toropets-Rzheva
410;412;major_river;1106;-1;-1;-1;-1;Toropets-Torzhok
610;611;major_river;1628;-1;-1;-1;-1;Bolghar-Qazan		#KAMA
610;1716;major_river;1628;-1;-1;-1;-1;Bolghar-Kremenchuk
613;1716;major_river;1628;-1;-1;-1;-1;Bilyar-Kremenchuk
613;1717;major_river;1628;-1;-1;-1;-1;Bilyar-Alabuga
436;1717;major_river;1628;-1;-1;-1;-1;Naberezhnye-Alabuga
1646;512;major_river;1056;-1;-1;-1;-1;Odessa-Belgorod		#DNIESTER
1646;541;major_river;1056;-1;-1;-1;-1;Odessa-Peresechen
1641;541;major_river;1057;-1;-1;-1;-1;Bratslav-Peresechen
1637;541;major_river;1057;-1;-1;-1;-1;Ushytsia-Peresechen
1637;1638;major_river;1057;-1;-1;-1;-1;Ushytsia-Iasi
1637;536;major_river;1627;-1;-1;-1;-1;Ushytsia-Galich
546;536;major_river;1627;-1;-1;-1;-1;Terebovl-Galich
510;1640;major_river;1058;-1;-1;-1;-1;Constantia-Chilia		#DANUBE
510;511;major_river;1058;-1;-1;-1;-1;Constantia-Galaz
510;1642;major_river;1058;-1;-1;-1;-1;Constantia-Calarasi
509;1642;major_river;1059;-1;-1;-1;-1;Karvuna-Calarasi
509;514;major_river;1059;-1;-1;-1;-1;Karvuna-Turnu
508;514;major_river;1059;-1;-1;-1;-1;Dorostotum-Turnu
507;514;major_river;1060;-1;-1;-1;-1;Nikopolis-Turnu
507;1643;major_river;1060;-1;-1;-1;-1;Nikopolis-Craiova
506;1643;major_river;1061;-1;-1;-1;-1;Vidin-Craiova
506;1645;major_river;1061;-1;-1;-1;-1;Vidin-Targu Jiu
506;516;major_river;1061;-1;-1;-1;-1;Vidin-Severin
505;516;major_river;1061;-1;-1;-1;-1;Belgrade-Severin
505;517;major_river;1063;-1;-1;-1;-1;Beograd-Temes
505;518;major_river;1063;-1;-1;-1;-1;Beograd-Bacs
1968;517;major_river;1063;-1;-1;-1;-1;Syrmia-Temes
1968;518;major_river;1063;-1;-1;-1;-1;Syrmia-Bacs
452;518;major_river;1065;-1;-1;-1;-1;Pecs-Bacs
452;521;major_river;1065;-1;-1;-1;-1;Pecs-Csanad
452;522;major_river;1065;-1;-1;-1;-1;Pecs-Pest
451;522;major_river;1066;-1;-1;-1;-1;Fejer-Pest
451;444;major_river;1066;-1;-1;-1;-1;Fejer-Esztergom
450;444;major_river;1067;-1;-1;-1;-1;Sopron-Esztergom
450;445;major_river;1067;-1;-1;-1;-1;Sopron-Pressburg
449;445;major_river;1067;-1;-1;-1;-1;Österreich-Pressburg
449;1697;major_river;1067;-1;-1;-1;-1;Österreich-Krems
1699;1697;major_river;1067;-1;-1;-1;-1;Medelike-Krems
1699;1698;major_river;1067;-1;-1;-1;-1;Medelike-Freistadt
448;447;major_river;1068;-1;-1;-1;-1;Salzburg-Passau
1700;447;major_river;1068;-1;-1;-1;-1;Regensburg-Passau
1690;1698;major_river;1068;-1;-1;-1;-1;Traungau-Freistadt
1700;361;major_river;1068;-1;-1;-1;-1;Regensburg-Niederbayern
1700;252;major_river;1069;-1;-1;-1;-1;Regensburg-Ulm
315;252;major_river;1069;-1;-1;-1;-1;Kempten-Ulm
249;252;major_river;1069;-1;-1;-1;-1;Schwaben-Ulm
249;251;major_river;1069;-1;-1;-1;-1;Schwaben-Fürstenberg
1297;1331;major_river;1307;-1;-1;-1;-1;Debul-Sonda
1303;1331;major_river;1307;-1;-1;-1;-1;Ranikot-Sonda
1303;1137;major_river;1307;-1;-1;-1;-1;Ranikot-Mansura
1303;1333;major_river;1308;-1;-1;-1;-1;Ranikot-Siwistan
1138;1333;major_river;1308;-1;-1;-1;-1;Bhakkar-Siwistan
1138;1175;major_river;1309;-1;-1;-1;-1;Bhakkar-Aror
1339;1175;major_river;1309;-1;-1;-1;-1;Rajanpur-Aror
1339;1336;major_river;1309;-1;-1;-1;-1;Rajanpur-Vijnot
1339;1337;major_river;1310;-1;-1;-1;-1;Rajanpur-Uch
1375;1337;major_river;1310;-1;-1;-1;-1;Kafirkot-Uch
1375;1338;major_river;1310;-1;-1;-1;-1;Kafirkot-Multan
1375;1340;major_river;1310;-1;-1;-1;-1;Kafirkot-Karor
1191;1340;major_river;1310;-1;-1;-1;-1;Bannu-Karor
1236;1318;major_river;1311;-1;-1;-1;-1;Candradvipa-Samatata
1236;1319;major_river;1311;-1;-1;-1;-1;Candradvipa-Bikrampur
1240;1319;major_river;1311;-1;-1;-1;-1;Kumara Mandala-Bikrampur
1240;1325;major_river;1312;-1;-1;-1;-1;Kumara Mandala-Madhupur
1243;1151;major_river;1312;-1;-1;-1;-1;Gauda-Laksmanavati
1243;1153;major_river;1313;-1;-1;-1;-1;Gauda-Kotivarsa
1152;1153;major_river;1313;-1;-1;-1;-1;Mudgagiri-Kotivarsa
1152;1419;major_river;1313;-1;-1;-1;-1;Mudgagiri-Mithila
1154;1419;major_river;1313;-1;-1;-1;-1;Magadha-Mithila
1154;1162;major_river;1313;-1;-1;-1;-1;Magadha-Kusinagara
1251;1162;major_river;1315;-1;-1;-1;-1;Sasaram-Kusinagara
1251;1166;major_river;1315;-1;-1;-1;-1;Sasaram-Jaunpur
1251;1163;major_river;1315;-1;-1;-1;-1;Sasaram-Varanasi
1281;1163;major_river;1315;-1;-1;-1;-1;Chunar-Varanasi
1328;1163;major_river;1315;-1;-1;-1;-1;Prayaga-Varanasi
1328;1284;major_river;1315;-1;-1;-1;-1;Prayaga-Bharauli
1283;1284;major_river;1315;-1;-1;-1;-1;Asni-Bharauli
1356;1284;major_river;1314;-1;-1;-1;-1;Kanyakubja-Bharauli
1356;1167;major_river;1314;-1;-1;-1;-1;Kanyakubja-Lakhnau
1356;1358;major_river;1314;-1;-1;-1;-1;Kanyakubja-Vodamayutja
1141;1358;major_river;1314;-1;-1;-1;-1;Kol-Vodamayutja
1141;1173;major_river;1314;-1;-1;-1;-1;Kol-Sambhal
1365;1173;major_river;1314;-1;-1;-1;-1;Delhi-Sambhal
1325;1319;major_river;1316;-1;-1;-1;-1;Madhupur-Bikrampur
1325;1324;major_river;1316;-1;-1;-1;-1;Madhupur-Suvarnagram
1381;1324;major_river;1316;-1;-1;-1;-1;Pundravardhana-Suvarnagram
1321;1246;major_river;1317;-1;-1;-1;-1;Kamarupanagara-Goalpara
1078;1082;portage;568;-1;-1;-1;-1;Dneiper-Dwina		###PORTAGE
1089;1093;portage;595;-1;-1;-1;-1;Don-Volga
1087;1082;portage;419;-1;-1;-1;-1;Lovat-Dwina
1402;1404;portage;1195;-1;-1;-1;-1;Gulf of Mannar-Palk Strait
45;1939;sea;992;-1;-1;-1;-1;Argyll - Iona
1939;35;sea;992;-1;-1;-1;-1;Iona - Innse Gall
64;1949;sea;968;-1;-1;-1;-1;Gwynedd - Anglesey
26;1950;sea;966;-1;-1;-1;-1;Wessex - Wight
2279;2282;sea;2012;-1;-1;-1;-1;Tanahbala - Siberut	### Start Tianxia
2282;2283;sea;2013;-1;-1;-1;-1;Siberut - Sipura
2283;2284;sea;2013;-1;-1;-1;-1;Sipura-Pagai
2297;2300;sea;2044;-1;-1;-1;-1;Batam-Indragiri
2299;2301;sea;2045;-1;-1;-1;-1;Lingga-Jambi
2304;2305;sea;2045;-1;-1;-1;-1;Bangka-Palembang
2332;2335;sea;2034;-1;-1;-1;-1;Trowulan-Madura
2334;2336;sea;2021;-1;-1;-1;-1;Blambangan-Bali
2336;2337;sea;2021;-1;-1;-1;-1;Bali-Lombok
2337;2338;sea;2022;-1;-1;-1;-1;Lombok-Taliwang
2394;2403;sea;2092;-1;-1;-1;-1;Suba-Hunonganan
2392;2403;sea;2092;-1;-1;-1;-1;Butuan-Suba
2403;2402;sea;2091;-1;-1;-1;-1;Hunonganan-Eskaya
2402;2401;sea;2091;-1;-1;-1;-1;Eskaya-Cebu
2401;2400;sea;2095;-1;-1;-1;-1;Cebu-Buglas
2399;2398;sea;2090;-1;-1;-1;-1;Illongo-Nayp
2399;2397;sea;2095;-1;-1;-1;-1;Illongo-Bamban
2399;2395;sea;2090;-1;-1;-1;-1;Illongo-Madja
2398;2395;sea;2090;-1;-1;-1;-1;Nayup-Madja
2404;2405;sea;2094;-1;-1;-1;-1;Leyte-Bagasumbol
2404;2410;sea;2094;-1;-1;-1;-1;Leyte-Samar
2404;2406;sea;2094;-1;-1;-1;-1;Leyte-Masbate
2405;2410;sea;2094;-1;-1;-1;-1;Bagasumbol-Samar
2412;2413;sea;2096;-1;-1;-1;-1;Palapag-Sosorgon
2413;2406;sea;2094;-1;-1;-1;-1;Sosorgon-Masbate
2406;2397;sea;2095;-1;-1;-1;-1;Masbate-Bamban
2417;2408;sea;2101;-1;-1;-1;-1;Batangas-Mamburao
2396;2407;sea;2098;-1;-1;-1;-1;Panay-Mansalay
2428;2429;sea;2111;-1;-1;-1;-1;Penghu-Changua
2433;2434;sea;2115;-1;-1;-1;-1;Yaeyama-Miyako
2437;2438;sea;2117;-1;-1;-1;-1;Hokuzan-Amami
2439;2440;sea;2118;-1;-1;-1;-1;Tane-Osumi
2444;2445;sea;2134;-1;-1;-1;-1;Goto-Hizen
2450;2449;sea;2143;-1;-1;-1;-1;Iki-Chikuzen
2464;2449;sea;2143;-1;-1;-1;-1;Nagato-Chikuzen
2464;2448;sea;2143;-1;-1;-1;-1;Nagato-Buzen
2447;2455;sea;2137;-1;-1;-1;-1;Bungo-Yawatahama
2448;2455;sea;2137;-1;-1;-1;-1;Buzen-Yawatahama
2456;2465;sea;2138;-1;-1;-1;-1;Iyo-Suo
2456;2466;sea;2138;-1;-1;-1;-1;Iyo-Aki
2468;2458;sea;2138;-1;-1;-1;-1;Bitchu-Sanuki
2459;2460;sea;2139;-1;-1;-1;-1;Awa-Awaji
2460;2461;sea;2139;-1;-1;-1;-1;Awaji-Wakayama
2460;2482;sea;2139;-1;-1;-1;-1;Awaji-Izumi
2475;2474;sea;2152;-1;-1;-1;-1;Oki-Izumo
2515;2517;sea;2161;-1;-1;-1;-1;Sado-Niigata
2523;2525;sea;2163;-1;-1;-1;-1;Mutsu-Oshima
2524;2525;sea;2163;-1;-1;-1;-1;Aomori-Oshima
2531;2532;sea;2177;-1;-1;-1;-1;Nemuro-Kur
2532;2533;sea;2178;-1;-1;-1;-1;Kur-Kamchatka
2540;2291;sea;2009;-1;-1;-1;-1;Melaka-Bengkalis
2538;2292;sea;2009;-1;-1;-1;-1;Gelanggi-Pelalawan
2554;2559;major_river;2181;-1;-1;-1;-1;Nakhom Phatom-Pathum Thani
2556;2559;major_river;2181;-1;-1;-1;-1;Suphanburi-Pathum Thani
2556;2558;major_river;2182;-1;-1;-1;-1;Suphanburi-Lavapura
2577;2588;major_river;2183;-1;-1;-1;-1;Oc Eo-Prey Nokor
2577;2589;major_river;2183;-1;-1;-1;-1;Oc Eo-Vyadhapura
2576;2589;major_river;2184;-1;-1;-1;-1;Angkor Borei-Vyadhapura
2576;2590;major_river;2184;-1;-1;-1;-1;Angkor Borei-Vat Nokor
2579;2590;major_river;2185;-1;-1;-1;-1;Sambor Prei Kuk-Vat Nokor
2579;2592;major_river;2186;-1;-1;-1;-1;Sambor Prei Kuk-Kratie
2579;2593;major_river;2186;-1;-1;-1;-1;Sambor Prei Kuk-Stung Treng
2580;2593;major_river;2187;-1;-1;-1;-1;Preah Vihear-Stung Treng
2580;2596;major_river;2187;-1;-1;-1;-1;Preah Vihear-Champassak
2581;2596;major_river;2188;-1;-1;-1;-1;Ubon Ratchathani-Champassak
2581;2599;major_river;2188;-1;-1;-1;-1;Ubon Ratchathani-Salavan
2581;2600;major_river;2188;-1;-1;-1;-1;Ubon Ratchathani-Savannakhet
2597;2600;major_river;2189;-1;-1;-1;-1;Nakhon Phanom-Savannakhet
2597;2601;major_river;2189;-1;-1;-1;-1;Nakhom Phanom-Khammouan
2598;2601;major_river;2190;-1;-1;-1;-1;Bueng Kan-Khammouan
2598;2602;major_river;2190;-1;-1;-1;-1;Bueng Kan-Bolikhamsai
2598;2604;major_river;2191;-1;-1;-1;-1;Bueng Kan-Xaisomboun
2598;2603;major_river;2191;-1;-1;-1;-1;Bueng Kan-Wiang Jun
2587;2603;major_river;2192;-1;-1;-1;-1;Loei-Wiang Jun
2564;2603;major_river;2193;-1;-1;-1;-1;Phitsanulok-Wiang Jun
2568;2603;major_river;2193;-1;-1;-1;-1;Nan-Wiang Jun
2702;2700;sea;2065;-1;-1;-1;-1;Lei-Qiongzhou
2708;2724;major_river;2194;-1;-1;-1;-1;Jiangmen-Guangzhou
2708;2603;major_river;2194;-1;-1;-1;-1;Jiangmen-Zhaoqing
2710;2723;major_river;2194;-1;-1;-1;-1;Xin-Zhaoqing
2710;2723;major_river;2195;-1;-1;-1;-1;Xin-Hezhou
2714;2760;major_river;2196;-1;-1;-1;-1;Guxian-Wuzhou
2718;2760;major_river;2196;-1;-1;-1;-1;Shanglin-Wuzhou
2718;2758;major_river;2197;-1;-1;-1;-1;Shanglin-Liuzhou
2719;2758;major_river;2197;-1;-1;-1;-1;Nanning-Liuzhou
2719;2757;major_river;2197;-1;-1;-1;-1;Nanning-Hechi
2721;2757;major_river;2198;-1;-1;-1;-1;Baise-Hechi
2722;2757;major_river;2199;-1;-1;-1;-1;Guangnan-Hechi
2722;2764;major_river;2199;-1;-1;-1;-1;Guangnan-Nandan
2722;2665;major_river;2200;-1;-1;-1;-1;Guangnan-Luodian
2755;2843;major_river;2201;-1;-1;-1;-1;Suzhou-Nantong
2755;2844;major_river;2201;-1;-1;-1;-1;Suzhou-Guangling
2842;2844;major_river;2201;-1;-1;-1;-1;Zhenjiang-Guangling
2842;2848;major_river;2202;-1;-1;-1;-1;Zhenjiang-Chuzhou
2842;2851;major_river;2203;-1;-1;-1;-1;Zhenjiang-Hefei
2841;2851;major_river;2203;-1;-1;-1;-1;Xuansheng-Hefei
2840;2851;major_river;2204;-1;-1;-1;-1;Huangshan-Hefei
2840;2852;major_river;2204;-1;-1;-1;-1;Huangshan-Anqing
2839;2852;major_river;2205;-1;-1;-1;-1;Jingdezhen-Anqing
2839;2853;major_river;2205;-1;-1;-1;-1;Jingdezhen-Huangmei
2837;2853;major_river;2206;-1;-1;-1;-1;Jiujiang-Huangmei
2836;2853;major_river;2206;-1;-1;-1;-1;Huangshi-Huangmei
2836;2854;major_river;2206;-1;-1;-1;-1;Huangshi-Huanggang
2836;2820;major_river;2207;-1;-1;-1;-1;Huangshi-Wuhan
2835;2820;major_river;2207;-1;-1;-1;-1;Xianning-Wuhan
2834;2820;major_river;2207;-1;-1;-1;-1;Tongcheng-Wuhan
2770;2820;major_river;2207;-1;-1;-1;-1;Yueyang-Wuhan
2772;2820;major_river;2208;-1;-1;-1;-1;Anxiang-Wuhan
2772;2819;major_river;2208;-1;-1;-1;-1;Anxiang-Jingzhou
2784;2819;major_river;2208;-1;-1;-1;-1;Wufeng-Jingzhou
2784;2818;major_river;2209;-1;-1;-1;-1;Wufeng-Yichang
2785;2817;major_river;2210;-1;-1;-1;-1;Enshi-Fenjie
2785;2813;major_river;2210;-1;-1;-1;-1;Enshi-Kuizhou
2786;2813;major_river;2211;-1;-1;-1;-1;Chongqing-Kuizhou
2786;2807;major_river;2212;-1;-1;-1;-1;Chongqing-Nanchong
2786;2806;major_river;2212;-1;-1;-1;-1;Chongqing-Suining
2788;2806;major_river;2212;-1;-1;-1;-1;Chishui-Suining
2788;2802;major_river;2213;-1;-1;-1;-1;Chishui-Neijiang
2794;2799;major_river;2214;-1;-1;-1;-1;Junlian-Suifu
2796;2799;major_river;2215;-1;-1;-1;-1;Zhaotong-Suifu
2895;2909;major_river;2217;-1;-1;-1;-1;Donying-Haixing
2895;2908;major_river;2218;-1;-1;-1;-1;Donying-Binzhou
2894;2908;major_river;2218;-1;-1;-1;-1;Zibo-Binzhou
2888;2908;major_river;2218;-1;-1;-1;-1;Jinan-Binzhou
2888;2903;major_river;2219;-1;-1;-1;-1;Jinan-Dezhou
2887;2902;major_river;2220;-1;-1;-1;-1;Jining-Liaocheng
2882;2902;major_river;2221;-1;-1;-1;-1;Kaifeng-Liaocheng
2882;2898;major_river;2221;-1;-1;-1;-1;Kaifeng-Puyang
2878;2898;major_river;2222;-1;-1;-1;-1;Zhengzhou-Puyang
2876;2898;major_river;2223;-1;-1;-1;-1;Luoyang-Puyang
2876;2897;major_river;2223;-1;-1;-1;-1;Luoyang-Changzhi
2876;2875;major_river;2224;-1;-1;-1;-1;Luoyang-Yuncheng
2873;2875;major_river;2224;-1;-1;-1;-1;Luangchuan-Yuncheng
2933;2934;sea;2131;-1;-1;-1;-1;Ganghwa-Hanseong
2943;2944;sea;2125;-1;-1;-1;-1;Okju-Naju
2951;2952;sea;2134;-1;-1;-1;-1;Jinju-Geoje
2955;2451;sea;2134;-1;-1;-1;-1;Busan-Tsushima
3003;3002;sea;2172;-1;-1;-1;-1;Laha-Kalar
2319;2321;sea;2016;-1;-1;-1;-1;Lampung Timur-Banten
2443;2445;sea;2133;-1;-1;-1;-1;Higo-Hizen